Time,Signal
0,2.791485186
0.023864201,2.326163671
0.047728402,2.642776632
0.071592603,2.536761984
0.095456803,2.007825063
0.119321004,2.383259845
0.143185205,2.581635898
0.167049406,2.234419987
0.190913607,2.16867283
0.214777808,2.499808575
0.238642009,2.713401735
0.262506209,2.802599142
0.28637041,2.219606594
0.310234611,2.49269122
0.334098812,2.593649478
0.357963013,2.553766645
0.381827214,2.239108379
0.405691415,2.547660683
0.429555615,2.475545205
0.453419816,2.699118082
0.477284017,2.132784329
0.501148218,2.130487579
0.525012419,2.441104938
0.54887662,2.693623856
0.572740821,2.551981336
0.596605021,2.102277215
0.620469222,2.653952882
0.644333423,2.654849604
0.668197624,2.637555815
0.692061825,2.759122161
0.715926026,2.761072573
0.739790226,2.474716575
0.763654427,2.647089766
0.787518628,2.260253745
0.811382829,2.390564941
0.83524703,2.052827409
0.859111231,2.79124257
0.882975432,2.741289161
0.906839632,2.225744099
0.930703833,2.667522773
0.954568034,2.754845623
0.978432235,2.17820455
1.002296436,2.384323762
1.026160637,2.083584335
1.050024838,2.722047598
1.073889038,2.085999763
1.097753239,2.068507533
1.12161744,2.032877259
1.145481641,2.204499578
1.169345842,2.641975049
1.193210043,2.773600182
1.217074244,2.236501538
1.240938444,2.367576279
1.264802645,2.698166464
1.288666846,2.185478141
1.312531047,2.106396811
1.336395248,2.220563119
1.360259449,2.013620387
1.38412365,2.312343006
1.40798785,2.498933914
1.431852051,2.817181993
1.455716252,2.088394941
1.479580453,2.005132798
1.503444654,2.247233517
1.527308855,2.502864986
1.551173056,2.458798314
1.575037256,2.038789556
1.598901457,2.591341073
1.622765658,2.516833006
1.646629859,2.039775822
1.67049406,2.544104622
1.694358261,2.369295955
1.718222462,2.690556428
1.742086662,2.342309099
1.765950863,2.028622265
1.789815064,2.283199134
1.813679265,2.348991675
1.837543466,2.402397914
1.861407667,2.70861017
1.885271868,2.057515163
1.909136068,2.233839779
1.933000269,2.129545177
1.95686447,2.379265884
1.980728671,2.149994528
2.004592872,2.421463973
2.028457073,2.752027774
2.052321273,2.291362997
2.076185474,2.234857139
2.100049675,2.781385876
2.123913876,2.229710974
2.147778077,2.086747202
2.171642278,2.486493565
2.195506479,2.241246378
2.219370679,2.015578238
2.24323488,2.099967546
2.267099081,2.410144811
2.290963282,2.184167769
2.314827483,2.645255756
2.338691684,2.612793892
2.362555885,2.641091523
2.386420085,2.61016205
2.410284286,2.308132401
2.434148487,2.610477654
2.458012688,2.496696851
2.481876889,2.107268157
2.50574109,2.313766344
2.529605291,2.083017715
2.553469491,2.476225762
2.577333692,2.019118834
2.601197893,2.791960298
2.625062094,2.197812539
2.648926295,2.425389986
2.672790496,2.824847301
2.696654697,2.638912693
2.720518897,2.822701743
2.744383098,2.347163882
2.768247299,2.230664678
2.7921115,2.645650105
2.815975701,2.432924466
2.839839902,2.758398682
2.863704103,2.434113916
2.887568303,2.536317336
2.911432504,2.539059752
2.935296705,2.481438408
2.959160906,2.21114363
2.983025107,2.506369972
3.006889308,2.727803721
3.030753509,2.76291689
3.054617709,2.595334557
3.07848191,2.076450636
3.102346111,2.264381163
3.126210312,2.29748546
3.150074513,2.668959183
3.173938714,2.399266375
3.197802915,2.077410188
3.221667115,2.452633733
3.245531316,2.064986308
3.269395517,2.361680249
3.293259718,2.661731035
3.317123919,2.485034492
3.34098812,2.786165533
3.364852321,2.379992009
3.388716521,2.359145657
3.412580722,2.742228613
3.436444923,2.371987834
3.460309124,2.335416226
3.484173325,2.011141598
3.508037526,2.019172923
3.531901726,2.301435166
3.555765927,2.078393728
3.579630128,2.454704018
3.603494329,2.381081092
3.62735853,2.198483983
3.651222731,2.363126597
3.675086932,2.643588931
3.698951132,2.613272012
3.722815333,2.177514246
3.746679534,2.419333125
3.770543735,2.758318104
3.794407936,2.810456391
3.818272137,2.097514423
3.842136338,2.035577962
3.866000538,2.144764743
3.889864739,2.096446288
3.91372894,2.75029735
3.937593141,2.104062911
3.961457342,2.737478007
3.985321543,2.713426969
4.009185744,2.234762775
4.033049944,2.2787473
4.056914145,2.476429869
4.080778346,2.555199963
4.104642547,2.175778692
4.128506748,2.12323244
4.152370949,2.26241051
4.17623515,2.263051817
4.20009935,2.275632351
4.223963551,2.787421972
4.247827752,2.221181473
4.271691953,2.198776431
4.295556154,2.363826036
4.319420355,2.043844444
4.343284556,2.529595618
4.367148756,2.436132335
4.391012957,2.826844257
4.414877158,2.63808375
4.438741359,2.120083461
4.46260556,2.496691795
4.486469761,2.685205332
4.510333962,2.550623566
4.534198162,2.484940926
4.558062363,2.743981076
4.581926564,2.763118372
4.605790765,2.703909509
4.629654966,2.661117953
4.653519167,2.636288131
4.677383368,2.340661445
4.701247568,2.122827794
4.725111769,2.393654563
4.74897597,2.522362094
4.772840171,2.281341197
4.796704372,2.040571779
4.820568573,2.046722494
4.844432773,2.247824969
4.868296974,2.437845247
4.892161175,2.439771285
4.916025376,2.083928386
4.939889577,2.672180384
4.963753778,2.597619009
4.987617979,2.563304703
5.011482179,2.0746868
5.03534638,2.223038983
5.059210581,2.199857712
5.083074782,2.769909497
5.106938983,2.158367911
5.130803184,2.355574878
5.154667385,2.208327645
5.178531585,2.111458051
5.202395786,2.697764926
5.226259987,2.824223051
5.250124188,2.694776878
5.273988389,2.585974172
5.29785259,2.694949154
5.321716791,2.059357315
5.345580991,2.491853122
5.369445192,2.212153867
5.393309393,2.303501027
5.417173594,2.538095787
5.441037795,2.702484773
5.464901996,2.302646728
5.488766197,2.119815394
5.512630397,2.056254041
5.536494598,2.749283654
5.560358799,2.825886759
5.584223,2.474069087
5.608087201,2.138240116
5.631951402,2.214046972
5.655815603,2.018862591
5.679679803,2.713161086
5.703544004,2.319617901
5.727408205,2.001397954
5.751272406,2.025391548
5.775136607,2.243265545
5.799000808,2.068301726
5.822865009,2.025294044
5.846729209,2.813817703
5.87059341,2.502391001
5.894457611,2.272721668
5.918321812,2.017591803
5.942186013,2.679806546
5.966050214,2.365611438
5.989914415,2.659236101
6.013778615,2.74947619
6.037642816,2.710010234
6.061507017,2.063042027
6.085371218,2.058261097
6.109235419,2.244842482
6.13309962,2.330764359
6.15696382,2.088724816
6.180828021,2.087882493
6.204692222,2.285111229
6.228556423,2.400321891
6.252420624,2.102972044
6.276284825,2.642542898
6.300149026,2.054421775
6.324013226,2.404920631
6.347877427,2.439896484
6.371741628,2.658876249
6.395605829,2.514556869
6.41947003,2.230547935
6.443334231,2.619097007
6.467198432,2.760617498
6.491062632,2.464752761
6.514926833,2.074560916
6.538791034,2.379905166
6.562655235,2.018320539
6.586519436,2.79763017
6.610383637,2.579426523
6.634247838,2.756781111
6.658112038,2.01547683
6.681976239,2.530020317
6.70584044,2.611854067
6.729704641,2.155974185
6.753568842,2.349948341
6.777433043,2.403631129
6.801297244,2.666953182
6.825161444,2.008944767
6.849025645,2.357877843
6.872889846,2.824425524
6.896754047,2.190332629
6.920618248,2.282777531
6.944482449,2.481186298
6.96834665,2.757819052
6.99221085,2.255227672
7.016075051,2.683670678
7.039939252,2.527390662
7.063803453,2.766797428
7.087667654,2.588146201
7.111531855,2.043945443
7.135396056,2.523972894
7.159260256,2.719624507
7.183124457,2.239672041
7.206988658,2.330410799
7.230852859,2.200284072
7.25471706,2.455736306
7.278581261,2.131016563
7.302445462,2.147377188
7.326309662,2.815177629
7.350173863,2.045188286
7.374038064,2.406592437
7.397902265,2.823239273
7.421766466,2.202443541
7.445630667,2.175721929
7.469494867,2.504563522
7.493359068,2.81894141
7.517223269,2.553444093
7.54108747,2.687281149
7.564951671,2.087980543
7.588815872,2.431990772
7.612680073,2.060425277
7.636544273,2.324809706
7.660408474,2.569803924
7.684272675,2.479585065
7.708136876,2.28511033
7.732001077,2.822415203
7.755865278,2.373550702
7.779729479,2.4793615
7.803593679,2.695808537
7.82745788,2.475616943
7.851322081,2.19192709
7.875186282,2.658010855
7.899050483,2.45015914
7.922914684,2.768858567
7.946778885,2.181766766
7.970643085,2.258597574
7.994507286,2.600409485
8.018371487,2.297660108
8.042235688,2.172497126
8.066099889,2.321908956
8.08996409,2.441883961
8.113828291,2.657566631
8.137692491,2.557583272
8.161556692,2.04734871
8.185420893,2.272827836
8.209285094,2.317737638
8.233149295,2.812227082
8.257013496,2.479654976
8.280877697,2.316401474
8.304741897,2.80577834
8.328606098,2.510020042
8.352470299,2.807870686
8.3763345,2.730614064
8.400198701,2.337143742
8.424062902,2.768812578
8.447927103,2.295372134
8.471791303,2.81057216
8.495655504,2.350102403
8.519519705,2.690373157
8.543383906,2.179686883
8.567248107,2.328865863
8.591112308,2.569292389
8.614976509,2.034779395
8.638840709,2.411259485
8.66270491,2.083676953
8.686569111,2.560553707
8.710433312,2.09506178
8.734297513,2.16841091
8.758161714,2.696251653
8.782025915,2.746937405
8.805890115,2.012218543
8.829754316,2.069192458
8.853618517,2.412690406
8.877482718,2.436863839
8.901346919,2.355220652
8.92521112,2.653056996
8.94907532,2.224483944
8.972939521,2.403975217
8.996803722,2.153815695
9.020667923,2.677714115
9.044532124,2.644390853
9.068396325,2.152727248
9.092260526,2.458282548
9.116124726,2.756602302
9.139988927,2.318966456
9.163853128,2.34389448
9.187717329,2.772617501
9.21158153,2.466854403
9.235445731,2.255383167
9.259309932,2.492805049
9.283174132,2.229874451
9.307038333,2.72433058
9.330902534,2.094440906
9.354766735,2.458590102
9.378630936,2.421180696
9.402495137,2.111873342
9.426359338,2.518541166
9.450223538,2.095892568
9.474087739,2.493033747
9.49795194,2.56842172
9.521816141,2.457546817
9.545680342,2.724104815
9.569544543,2.494146261
9.593408744,2.300987799
9.617272944,2.596124622
9.641137145,2.197085534
9.665001346,2.430448836
9.688865547,2.264706605
9.712729748,2.745493449
9.736593949,2.643862249
9.76045815,2.773724948
9.78432235,2.021203387
9.808186551,2.468864647
9.832050752,2.728189776
9.855914953,2.510957268
9.879779154,2.003808299
9.903643355,2.287791056
9.927507556,2.656641858
9.951371756,2.415734605
9.975235957,2.175629052
9.999100158,2.076438288
10.02296436,2.367318755
10.04682856,2.055777687
10.07069276,2.303092038
10.09455696,2.307315206
10.11842116,2.054132849
10.14228536,2.431194249
10.16614956,2.536474764
10.19001376,2.478717377
10.21387797,2.430453964
10.23774217,2.509306976
10.26160637,2.697878468
10.28547057,2.224251815
10.30933477,2.424600455
10.33319897,2.15696452
10.35706317,2.184252676
10.38092737,2.377425182
10.40479157,2.463748939
10.42865577,2.615327405
10.45251997,2.400149729
10.47638418,2.659571805
10.50024838,2.320472874
10.52411258,2.248651421
10.54797678,2.048754473
10.57184098,2.217481345
10.59570518,2.821954275
10.61956938,2.443006942
10.64343358,2.450945968
10.66729778,2.024098958
10.69116198,2.760033086
10.71502618,2.36996839
10.73889038,2.515496115
10.76275459,2.643761755
10.78661879,2.086124542
10.81048299,2.482067613
10.83434719,2.217238796
10.85821139,2.585938302
10.88207559,2.282889323
10.90593979,2.481835523
10.92980399,2.317066313
10.95366819,2.771950647
10.97753239,2.807654585
11.00139659,2.86344017
11.02526079,3.441633537
11.049125,3.217741294
11.0729892,3.736190903
11.0968534,4.106145144
11.1207176,5.114196466
11.1445818,6.053467455
11.168446,6.661824406
11.1923102,8.656692178
11.2161744,10.93547531
11.2400386,14.2464926
11.2639028,18.55267148
11.287767,24.22200734
11.31163121,31.34666078
11.33549541,39.82783862
11.35935961,48.5987427
11.38322381,55.63692018
11.40708801,61.18133768
11.43095221,61.87605573
11.45481641,58.43633112
11.47868061,52.15478811
11.50254481,45.22681879
11.52640901,38.07613512
11.55027321,31.12951199
11.57413741,26.09924388
11.59800162,21.44256961
11.62186582,17.52007734
11.64573002,14.23521463
11.66959422,12.49622932
11.69345842,9.888763212
11.71732262,8.382674073
11.74118682,7.175509307
11.76505102,6.631703724
11.78891522,5.468531446
11.81277942,5.069010835
11.83664362,4.632687044
11.86050782,3.750257518
11.88437203,3.832108325
11.90823623,3.730889676
11.93210043,3.043565673
11.95596463,3.470276308
11.97982883,2.642228351
12.00369303,2.760351355
12.02755723,2.71842911
12.05142143,2.353195635
12.07528563,2.777711203
12.09914983,2.709122632
12.12301403,2.898249419
12.14687824,2.156291864
12.17074244,2.125312308
12.19460664,2.142598419
12.21847084,2.612160571
12.24233504,2.706857177
12.26619924,2.539182523
12.29006344,2.046348168
12.31392764,2.282451532
12.33779184,2.570527496
12.36165604,2.504327702
12.38552024,2.072209528
12.40938444,2.165131309
12.43324865,2.223263844
12.45711285,2.797227907
12.48097705,2.707971434
12.50484125,2.311137981
12.52870545,2.160606162
12.55256965,2.474884931
12.57643385,2.772294016
12.60029805,2.109378104
12.62416225,2.033461089
12.64802645,2.429930117
12.67189065,2.643351971
12.69575485,2.074160097
12.71961906,2.781374821
12.74348326,2.339312611
12.76734746,2.715528162
12.79121166,2.259011905
12.81507586,2.622969651
12.83894006,2.080400196
12.86280426,2.518181255
12.88666846,2.487817137
12.91053266,2.515401964
12.93439686,2.720648461
12.95826106,2.05831919
12.98212526,2.157388682
13.00598947,2.594364257
13.02985367,2.426199068
13.05371787,2.1409357
13.07758207,2.037170548
13.10144627,2.581399485
13.12531047,2.433150641
13.14917467,2.521045925
13.17303887,2.344125607
13.19690307,2.007663542
13.22076727,2.462491834
13.24463147,2.743090812
13.26849568,2.084203849
13.29235988,2.05862553
13.31622408,2.563699498
13.34008828,2.39279062
13.36395248,2.605263265
13.38781668,2.051821463
13.41168088,2.393918852
13.43554508,2.313490509
13.45940928,2.475872131
13.48327348,2.186598947
13.50713768,2.184227426
13.53100188,2.680339271
13.55486609,2.598893305
13.57873029,2.696376989
13.60259449,2.108010161
13.62645869,2.279864827
13.65032289,2.670440549
13.67418709,2.392283932
13.69805129,2.178741763
13.72191549,2.175730053
13.74577969,2.524052283
13.76964389,2.16784719
13.79350809,2.397537241
13.81737229,2.80091477
13.8412365,2.363852017
13.8651007,2.564809623
13.8889649,2.344364148
13.9128291,2.210982136
13.9366933,2.316130424
13.9605575,2.79913167
13.9844217,2.019131613
14.0082859,2.5165594
14.0321501,2.256668609
14.0560143,2.037024637
14.0798785,2.700704166
14.10374271,2.298030616
14.12760691,2.698157364
14.15147111,2.629363688
14.17533531,2.279369864
14.19919951,2.807418389
14.22306371,2.514276602
14.24692791,2.434073793
14.27079211,2.202397009
14.29465631,2.780121851
14.31852051,2.129359675
14.34238471,2.270234562
14.36624891,2.254759839
14.39011312,2.529608952
14.41397732,2.204493649
14.43784152,2.621429008
14.46170572,2.602661203
14.48556992,2.193925785
14.50943412,2.030918308
14.53329832,2.177550456
14.55716252,2.33192269
14.58102672,2.673011875
14.60489092,2.437484098
14.62875512,2.376338979
14.65261932,2.455515389
14.67648353,2.130814787
14.70034773,2.532699834
14.72421193,2.275336975
14.74807613,2.51061255
14.77194033,2.649977004
14.79580453,2.236536093
14.81966873,2.673177237
14.84353293,2.047714102
14.86739713,2.447604334
14.89126133,2.587614307
14.91512553,2.660703163
14.93898973,2.468797333
14.96285394,2.086827675
14.98671814,2.457448909
15.01058234,2.206363068
15.03444654,2.691425403
15.05831074,2.285511103
15.08217494,2.468984102
15.10603914,2.373074052
15.12990334,2.502988136
15.15376754,2.414240062
15.17763174,2.380463757
15.20149594,2.824570002
15.22536015,2.567001712
15.24922435,2.285688949
15.27308855,2.564959396
15.29695275,2.300945208
15.32081695,2.165726356
15.34468115,2.087400372
15.36854535,2.192725951
15.39240955,2.572865237
15.41627375,2.641809209
15.44013795,2.211129454
15.46400215,2.132363008
15.48786635,2.646054697
15.51173056,2.048588319
15.53559476,2.761474848
15.55945896,2.357626949
15.58332316,2.447486086
15.60718736,2.032916598
15.63105156,2.525071385
15.65491576,2.101011133
15.67877996,2.560969181
15.70264416,2.185822439
15.72650836,2.812879942
15.75037256,2.42022526
15.77423676,2.541515469
15.79810097,2.801404843
15.82196517,2.405763339
15.84582937,2.039072372
15.86969357,2.05970793
15.89355777,2.594533175
15.91742197,2.445663028
15.94128617,2.365096272
15.96515037,2.517445241
15.98901457,2.748624407
16.01287877,2.302368244
16.03674297,2.39642081
16.06060718,2.585771642
16.08447138,2.222187239
16.10833558,2.14262024
16.13219978,2.829153054
16.15606398,2.393512419
16.17992818,2.711563138
16.20379238,2.769759198
16.22765658,2.477442326
16.25152078,2.570351556
16.27538498,2.416571836
16.29924918,2.375561243
16.32311338,2.403620975
16.34697759,2.151839078
16.37084179,2.265232325
16.39470599,2.308293213
16.41857019,2.218824669
16.44243439,2.048145981
16.46629859,2.275530076
16.49016279,2.731340814
16.51402699,2.51025499
16.53789119,2.759521167
16.56175539,2.507442935
16.58561959,2.09138481
16.60948379,2.699468069
16.633348,2.665526455
16.6572122,2.21296597
16.6810764,2.742816486
16.7049406,2.251923887
16.7288048,2.173963611
16.752669,2.428410232
16.7765332,2.735666988
16.8003974,2.587860067
16.8242616,2.517543951
16.8481258,2.211997445
16.87199,2.273044578
16.89585421,2.50634338
16.91971841,2.20952147
16.94358261,2.486936234
16.96744681,2.764352374
16.99131101,2.679537015
17.01517521,2.06142651
17.03903941,2.198783098
17.06290361,2.790019068
17.08676781,2.745833015
17.11063201,2.69085215
17.13449621,2.148024669
17.15836041,2.781933611
17.18222462,2.106615823
17.20608882,2.269857646
17.22995302,2.388889467
17.25381722,2.117513879
17.27768142,2.709617431
17.30154562,2.6332501
17.32540982,2.577739652
17.34927402,2.405189642
17.37313822,2.50543073
17.39700242,2.260267694
17.42086662,2.818516637
17.44473082,2.198308919
17.46859503,2.287152729
17.49245923,2.628504242
17.51632343,2.218657064
17.54018763,2.056163371
17.56405183,2.22489756
17.58791603,2.646234161
17.61178023,2.545619542
17.63564443,2.102850375
17.65950863,2.442097352
17.68337283,2.228187392
17.70723703,2.341015488
17.73110123,2.812900358
17.75496544,2.456905461
17.77882964,2.180653206
17.80269384,2.492335865
17.82655804,2.58719533
17.85042224,2.170990007
17.87428644,2.551115134
17.89815064,2.41313045
17.92201484,2.152843402
17.94587904,2.03129254
17.96974324,2.251546751
17.99360744,2.134162929
18.01747165,2.610111153
18.04133585,2.828994722
18.06520005,2.736080948
18.08906425,2.558442998
18.11292845,2.744966284
18.13679265,2.334436913
18.16065685,2.196096214
18.18452105,2.240936914
18.20838525,2.336972384
18.23224945,2.06688313
18.25611365,2.230104377
18.27997785,2.440060446
18.30384206,2.335168409
18.32770626,2.105141658
18.35157046,2.628994181
18.37543466,2.35899344
18.39929886,2.411039134
18.42316306,2.251574962
18.44702726,2.403931025
18.47089146,2.747688319
18.49475566,2.174516933
18.51861986,2.191547832
18.54248406,2.129218675
18.56634826,2.39314114
18.59021247,2.050079238
18.61407667,2.394581902
18.63794087,2.62387807
18.66180507,2.801105252
18.68566927,2.083960412
18.70953347,2.605314607
18.73339767,2.121458738
18.75726187,2.443387679
18.78112607,2.187399978
18.80499027,2.676096049
18.82885447,2.427539438
18.85271868,2.043216563
18.87658288,2.085234302
18.90044708,2.485933156
18.92431128,2.119927193
18.94817548,2.094672934
18.97203968,2.497184213
18.99590388,2.061121365
19.01976808,2.698090926
19.04363228,2.544946814
19.06749648,2.023248279
19.09136068,2.804151759
19.11522488,2.739736563
19.13908909,2.37510454
19.16295329,2.053218053
19.18681749,2.012045342
19.21068169,2.340500336
19.23454589,2.028144295
19.25841009,2.032537918
19.28227429,2.526798237
19.30613849,2.180766594
19.33000269,2.014275167
19.35386689,2.747324306
19.37773109,2.057019923
19.40159529,2.813165053
19.4254595,2.585971734
19.4493237,2.439202649
19.4731879,2.403489855
19.4970521,2.384974635
19.5209163,2.073058583
19.5447805,2.552740247
19.5686447,2.619367039
19.5925089,2.425027626
19.6163731,2.705323773
19.6402373,2.544035833
19.6641015,2.240650179
19.68796571,2.361382363
19.71182991,2.277331095
19.73569411,2.087825131
19.75955831,2.701970584
19.78342251,2.536305999
19.80728671,2.660387875
19.83115091,2.463136893
19.85501511,2.553181519
19.87887931,2.023483164
19.90274351,2.689544762
19.92660771,2.593035751
19.95047191,2.836416668
19.97433612,2.726104034
19.99820032,2.140756592
20.02206452,2.795061595
20.04592872,2.084715569
20.06979292,2.826352095
20.09365712,2.401473674
20.11752132,2.377413493
20.14138552,2.202499542
20.16524972,2.409922743
20.18911392,2.670717859
20.21297812,2.785699031
20.23684232,2.457164398
20.26070653,2.685636743
20.28457073,2.490397043
20.30843493,2.841382974
20.33229913,2.420114467
20.35616333,2.345457374
20.38002753,2.899190433
20.40389173,3.244484676
20.42775593,3.223283188
20.45162013,2.583843734
20.47548433,3.495245264
20.49934853,2.915692351
20.52321273,3.633192237
20.54707694,3.190277529
20.57094114,3.5302349
20.59480534,4.247471752
20.61866954,4.459602903
20.64253374,4.648956664
20.66639794,4.814050749
20.69026214,5.718754906
20.71412634,6.070230133
20.73799054,6.96413481
20.76185474,7.489071413
20.78571894,8.012770977
20.80958315,9.278065293
20.83344735,10.30865065
20.85731155,11.73497331
20.88117575,13.40741941
20.90503995,15.38295417
20.92890415,17.52596141
20.95276835,19.77362615
20.97663255,22.37946883
21.00049675,25.15811037
21.02436095,28.4892906
21.04822515,32.88490269
21.07208935,36.37351177
21.09595356,40.82330991
21.11981776,44.88507986
21.14368196,49.47693693
21.16754616,52.70077546
21.19141036,55.35645661
21.21527456,56.84206841
21.23913876,57.1348339
21.26300296,56.73051489
21.28686716,54.38963613
21.31073136,51.14583267
21.33459556,47.95481874
21.35845976,43.75228123
21.38232397,40.00478421
21.40618817,36.05401753
21.43005237,31.83583128
21.45391657,28.38079071
21.47778077,25.06791053
21.50164497,22.36585253
21.52550917,19.84188841
21.54937337,17.54372395
21.57323757,16.09584175
21.59710177,13.63367516
21.62096597,12.35420648
21.64483018,11.43117293
21.66869438,9.860856163
21.69255858,9.088528054
21.71642278,8.138747815
21.74028698,7.522850647
21.76415118,6.724175792
21.78801538,5.999974739
21.81187958,5.452591173
21.83574378,5.030908863
21.85960798,5.168855449
21.88347218,4.394114879
21.90733638,4.504649665
21.93120059,3.930896862
21.95506479,4.032609725
21.97892899,4.004227391
22.00279319,3.140669076
22.02665739,3.409145557
22.05052159,2.992693381
22.07438579,3.094966518
22.09824999,3.2429245
22.12211419,3.272524877
22.14597839,2.821107432
22.16984259,3.011361315
22.19370679,2.624201476
22.217571,2.80587684
22.2414352,2.292343526
22.2652994,2.267284311
22.2891636,2.948692897
22.3130278,2.526288801
22.336892,2.75413157
22.3607562,2.892479023
22.3846204,2.429356577
22.4084846,2.449833591
22.4323488,2.808921349
22.456213,2.197736795
22.48007721,2.081036631
22.50394141,2.803654292
22.52780561,2.782762675
22.55166981,2.178193955
22.57553401,2.45599831
22.59939821,2.692654503
22.62326241,2.402134257
22.64712661,2.036907771
22.67099081,2.511395017
22.69485501,2.694732837
22.71871921,2.130047637
22.74258341,2.546167635
22.76644762,2.810981135
22.79031182,2.286559053
22.81417602,2.622698199
22.83804022,2.245447635
22.86190442,2.389627687
22.88576862,2.296402283
22.90963282,2.659491987
22.93349702,2.763551416
22.95736122,2.110642018
22.98122542,2.715513085
23.00508962,2.139999416
23.02895382,2.311258676
23.05281803,2.407518883
23.07668223,2.60963558
23.10054643,2.224438208
23.12441063,2.644489686
23.14827483,2.767122873
23.17213903,2.644337555
23.19600323,2.02403242
23.21986743,2.700708541
23.24373163,2.398622749
23.26759583,2.121009918
23.29146003,2.357892385
23.31532423,2.059483658
23.33918844,2.643303231
23.36305264,2.74217492
23.38691684,2.468349903
23.41078104,2.320030627
23.43464524,2.71295042
23.45850944,2.461497491
23.48237364,2.684047381
23.50623784,2.120477812
23.53010204,2.488170417
23.55396624,2.799191587
23.57783044,2.72442165
23.60169465,2.116023491
23.62555885,2.457066334
23.64942305,2.646197624
23.67328725,2.685708246
23.69715145,2.614204712
23.72101565,2.059136446
23.74487985,2.292517323
23.76874405,2.304360365
23.79260825,2.250125912
23.81647245,2.065955199
23.84033665,2.455007935
23.86420085,2.469598696
23.88806506,2.106568235
23.91192926,2.582765921
23.93579346,2.421518515
23.95965766,2.388364836
23.98352186,2.222561177
24.00738606,2.120919117
24.03125026,2.234186501
24.05511446,2.288189025
24.07897866,2.078029017
24.10284286,2.265034804
24.12670706,2.410543887
24.15057126,2.230625605
24.17443547,2.433954189
24.19829967,2.13415861
24.22216387,2.335895633
24.24602807,2.4532752
24.26989227,2.126208852
24.29375647,2.44300758
24.31762067,2.026822884
24.34148487,2.600856389
24.36534907,2.480568878
24.38921327,2.665065579
24.41307747,2.22206454
24.43694168,2.401065327
24.46080588,2.210481481
24.48467008,2.250535362
24.50853428,2.315532681
24.53239848,2.635592026
24.55626268,2.222297864
24.58012688,2.299799673
24.60399108,2.128870529
24.62785528,2.66216321
24.65171948,2.549100136
24.67558368,2.300173
24.69944788,2.311251709
24.72331209,2.064372682
24.74717629,2.142757279
24.77104049,2.179584815
24.79490469,2.005258516
24.81876889,2.431852389
24.84263309,2.44427018
24.86649729,2.466439495
24.89036149,2.177734169
24.91422569,2.006512213
24.93808989,2.214227754
24.96195409,2.31611861
24.98581829,2.75984201
25.0096825,2.498765485
25.0335467,2.79931261
25.0574109,2.599180447
25.0812751,2.689137947
25.1051393,2.265781256
25.1290035,2.466777327
25.1528677,2.741897304
25.1767319,2.181192413
25.2005961,2.582653107
25.2244603,2.046629365
25.2483245,2.525589013
25.27218871,2.557156153
25.29605291,2.671203233
25.31991711,2.825830046
25.34378131,2.553610783
25.36764551,2.471083598
25.39150971,2.508484488
25.41537391,2.061235867
25.43923811,2.513768258
25.46310231,2.600742592
25.48696651,2.014706629
25.51083071,2.446768882
25.53469491,2.206998732
25.55855912,2.273765987
25.58242332,2.328465742
25.60628752,2.794013986
25.63015172,2.601323189
25.65401592,2.438209926
25.67788012,2.159018978
25.70174432,2.492367953
25.72560852,2.119554077
25.74947272,2.301624194
25.77333692,2.503481046
25.79720112,2.191312382
25.82106532,2.302614413
25.84492953,2.614108222
25.86879373,2.237762904
25.89265793,2.551876434
25.91652213,2.347653146
25.94038633,2.79280049
25.96425053,2.669839263
25.98811473,2.543071436
26.01197893,2.611384148
26.03584313,2.125056008
26.05970733,2.521303712
26.08357153,2.377886038
26.10743573,2.132359061
26.13129994,2.209376147
26.15516414,2.208757177
26.17902834,2.8135255
26.20289254,2.356653341
26.22675674,2.080303712
26.25062094,2.607336694
26.27448514,2.218691756
26.29834934,2.293967943
26.32221354,2.352144179
26.34607774,2.35316156
26.36994194,2.392831394
26.39380615,2.719319801
26.41767035,2.825774853
26.44153455,2.748241593
26.46539875,2.598777588
26.48926295,2.365603328
26.51312715,2.206347481
26.53699135,2.64293251
26.56085555,2.544172603
26.58471975,2.662052678
26.60858395,2.089865154
26.63244815,2.599691646
26.65631235,2.791578768
26.68017656,2.812012647
26.70404076,2.192882645
26.72790496,2.476019361
26.75176916,2.102346848
26.77563336,2.494627545
26.79949756,2.829018414
26.82336176,2.371756361
26.84722596,2.000266768
26.87109016,2.195462662
26.89495436,2.108169883
26.91881856,2.792817765
26.94268276,2.405051562
26.96654697,2.111428712
26.99041117,2.51370248
27.01427537,2.234078557
27.03813957,2.080464409
27.06200377,2.273021994
27.08586797,2.090170964
27.10973217,2.506552019
27.13359637,2.777933673
27.15746057,2.751612772
27.18132477,2.359789814
27.20518897,2.453078907
27.22905318,2.296736665
27.25291738,2.818960776
27.27678158,2.589113859
27.30064578,2.586008605
27.32450998,2.215595547
27.34837418,2.494575312
27.37223838,2.813006815
27.39610258,2.033581513
27.41996678,2.551180507
27.44383098,2.449313582
27.46769518,2.462682074
27.49155938,2.138131955
27.51542359,2.63766951
27.53928779,2.223633099
27.56315199,2.607146756
27.58701619,2.665331642
27.61088039,2.374862966
27.63474459,2.057986502
27.65860879,2.12627955
27.68247299,2.35165194
27.70633719,2.51809904
27.73020139,2.286628746
27.75406559,2.170119425
27.77792979,2.646566227
27.801794,2.732242487
27.8256582,2.021375521
27.8495224,2.826811995
27.8733866,2.791143173
27.8972508,2.645111248
27.921115,2.006746509
27.9449792,2.76982221
27.9688434,2.024814657
27.9927076,2.065120442
28.0165718,2.75156542
28.040436,2.449251545
28.06430021,2.570401241
28.08816441,2.590707117
28.11202861,2.436780863
28.13589281,2.371031424
28.15975701,2.241503166
28.18362121,2.041241818
28.20748541,2.524245543
28.23134961,2.23720481
28.25521381,2.557584035
28.27907801,2.282375135
28.30294221,2.691712974
28.32680641,2.266900214
28.35067062,2.31267289
28.37453482,2.261121729
28.39839902,2.826442907
28.42226322,2.822229566
28.44612742,2.138283774
28.46999162,2.156392034
28.49385582,2.524170889
28.51772002,2.614588194
28.54158422,2.404656481
28.56544842,2.827374467
28.58931262,2.200003806
28.61317682,2.206383157
28.63704103,2.134576543
28.66090523,2.424504784
28.68476943,2.519266097
28.70863363,2.48236249
28.73249783,2.538120836
28.75636203,2.076914318
28.78022623,2.414548256
28.80409043,2.212014415
28.82795463,2.64443166
28.85181883,2.77342929
28.87568303,2.289337703
28.89954723,2.044100346
28.92341144,2.174554984
28.94727564,2.45994798
28.97113984,2.558843005
28.99500404,2.385105508
29.01886824,2.7542409
29.04273244,2.80474295
29.06659664,2.084605141
29.09046084,2.028542261
29.11432504,2.800535457
29.13818924,2.603079067
29.16205344,2.186639822
29.18591765,2.801600393
29.20978185,2.006932945
29.23364605,2.568362369
29.25751025,2.225295066
29.28137445,2.350395623
29.30523865,2.056866678
29.32910285,2.627686976
29.35296705,2.406866
29.37683125,2.364272235
29.40069545,2.00866214
29.42455965,2.145548524
29.44842385,2.792661329
29.47228806,2.287618071
29.49615226,2.716390286
29.52001646,2.248933655
29.54388066,2.479810113
29.56774486,2.161066485
29.59160906,2.304569007
29.61547326,2.747274922
29.63933746,2.020785068
29.66320166,2.077434576
29.68706586,2.465430091
29.71093006,2.71528981
29.73479426,2.144737947
29.75865847,2.44787936
29.78252267,2.347898802
29.80638687,2.760574302
29.83025107,2.417393399
29.85411527,2.694914263
29.87797947,2.293926086
29.90184367,2.778385072
29.92570787,2.529455578
29.94957207,2.150159402
29.97343627,2.538032811
29.99730047,2.294774366
30.02116468,2.487775151
30.04502888,2.592294821
30.06889308,2.451355782
30.09275728,2.823368525
30.11662148,2.083138415
30.14048568,2.366438836
30.16434988,2.484413128
30.18821408,2.356466576
30.21207828,2.514577253
30.23594248,2.757430384
30.25980668,2.054992263
30.28367088,2.41915216
30.30753509,2.726232082
30.33139929,2.782074357
30.35526349,2.473735417
30.37912769,2.017711575
30.40299189,2.220071672
30.42685609,2.399047322
30.45072029,2.53801751
30.47458449,2.448080945
30.49844869,2.318579926
30.52231289,2.635523023
30.54617709,2.159516372
30.57004129,2.252313534
30.5939055,2.13216007
30.6177697,2.82029794
30.6416339,2.485503923
30.6654981,2.190825092
30.6893623,2.025579232
30.7132265,2.277702664
30.7370907,2.720685281
30.7609549,2.180543865
30.7848191,2.068519874
30.8086833,2.106144881
30.8325475,2.169869796
30.85641171,2.266841412
30.88027591,2.198467305
30.90414011,2.245261156
30.92800431,2.701151536
30.95186851,2.464054188
30.97573271,2.595767898
30.99959691,2.1031185
31.02346111,2.754511264
31.04732531,2.360829145
31.07118951,2.25671986
31.09505371,2.582309626
31.11891791,2.071695885
31.14278212,2.162819996
31.16664632,2.59279145
31.19051052,2.189263768
31.21437472,2.1955303
31.23823892,2.170537064
31.26210312,2.057505378
31.28596732,2.464887387
31.30983152,2.29946398
31.33369572,2.250759817
31.35755992,2.581456149
31.38142412,2.497144627
31.40528832,2.745539405
31.42915253,2.319604873
31.45301673,2.547286395
31.47688093,2.399494243
31.50074513,2.187266541
31.52460933,2.492760927
31.54847353,2.038877473
31.57233773,2.056661428
31.59620193,2.145612039
31.62006613,2.74962719
31.64393033,2.782710502
31.66779453,2.078530274
31.69165873,2.021179248
31.71552294,2.340898192
31.73938714,2.581911443
31.76325134,2.370798531
31.78711554,2.665400158
31.81097974,2.692760366
31.83484394,2.429017382
31.85870814,2.789312755
31.88257234,2.421687045
31.90643654,2.372099419
31.93030074,2.799795884
31.95416494,2.449085816
31.97802915,2.034714235
32.00189335,2.204489013
32.02575755,2.166168329
32.04962175,2.072302309
32.07348595,2.177450541
32.09735015,2.278343805
32.12121435,2.272920373
32.14507855,2.565961672
32.16894275,2.82657029
32.19280695,2.066264524
32.21667115,2.675033627
32.24053535,2.674141307
32.26439956,2.655240869
32.28826376,2.060474442
32.31212796,2.435075298
32.33599216,2.655660814
32.35985636,2.400227802
32.38372056,2.159825388
32.40758476,2.347768933
32.43144896,2.295362928
32.45531316,2.813445147
32.47917736,2.376271863
32.50304156,2.079501138
32.52690576,2.156522399
32.55076997,2.034617494
32.57463417,2.111239925
32.59849837,2.161978932
32.62236257,2.753886633
32.64622677,2.177507672
32.67009097,2.080983568
32.69395517,2.823387327
32.71781937,2.817862637
32.74168357,2.379507653
32.76554777,2.09752404
32.78941197,2.216048122
32.81327618,2.81303356
32.83714038,2.737286706
32.86100458,2.301040051
32.88486878,2.547784764
32.90873298,2.382664683
32.93259718,2.597583312
32.95646138,2.015840868
32.98032558,2.338237965
33.00418978,2.237497531
33.02805398,2.260454197
33.05191818,2.595999572
33.07578238,2.645661121
33.09964659,2.604606982
33.12351079,2.487555894
33.14737499,2.024336182
33.17123919,2.137986011
33.19510339,2.354650962
33.21896759,2.458448159
33.24283179,2.572752261
33.26669599,2.580099452
33.29056019,2.627041015
33.31442439,2.806225682
33.33828859,2.44904417
33.36215279,2.151083839
33.386017,2.278306336
33.4098812,2.579830182
33.4337454,2.808164169
33.4576096,2.305306801
33.4814738,2.710816718
33.505338,2.113535743
33.5292022,2.600775087
33.5530664,2.206913732
33.5769306,2.434217178
33.6007948,2.055505511
33.624659,2.731555226
33.64852321,2.57692574
33.67238741,2.717119897
33.69625161,2.370573041
33.72011581,2.792135827
33.74398001,2.73105774
33.76784421,2.15747068
33.79170841,2.538025087
33.81557261,2.075031689
33.83943681,2.519386264
33.86330101,2.472230412
33.88716521,2.433893131
33.91102941,2.314742538
33.93489362,2.005067976
33.95875782,2.257313938
33.98262202,2.816807935
34.00648622,2.574098251
34.03035042,2.269532387
34.05421462,2.348094068
34.07807882,2.630112045
34.10194302,2.423067066
34.12580722,2.800292587
34.14967142,2.170357614
34.17353562,2.820771937
34.19739982,2.712879202
34.22126403,2.61679312
34.24512823,2.097018732
34.26899243,2.117477978
34.29285663,2.672969378
34.31672083,2.785582051
34.34058503,2.737788754
34.36444923,2.279479409
34.38831343,2.495725436
34.41217763,2.649808147
34.43604183,2.474727774
34.45990603,2.475628628
34.48377023,2.529595859
34.50763444,2.08643669
34.53149864,2.410171384
34.55536284,2.559994975
34.57922704,2.124893888
34.60309124,2.004414749
34.62695544,2.536916203
34.65081964,2.78521366
34.67468384,2.417512355
34.69854804,2.606770141
34.72241224,2.576596073
34.74627644,2.015804349
34.77014065,2.181245925
34.79400485,2.637881823
34.81786905,2.590204385
34.84173325,2.431277187
34.86559745,2.443962251
34.88946165,2.304300251
34.91332585,2.277262791
34.93719005,2.535127234
34.96105425,2.444547742
34.98491845,2.659161988
35.00878265,2.522350031
35.03264685,2.231157164
35.05651106,2.727129775
35.08037526,2.723793354
35.10423946,2.684719878
35.12810366,2.275566138
35.15196786,2.292391554
35.17583206,2.716124689
35.19969626,2.342337633
35.22356046,2.123244316
35.24742466,2.739026058
35.27128886,2.060307934
35.29515306,2.308681819
35.31901726,2.406951067
35.34288147,2.044466357
35.36674567,2.330854092
35.39060987,2.125161727
35.41447407,2.232349702
35.43833827,2.155707431
35.46220247,2.735797876
35.48606667,2.731610109
35.50993087,2.281332583
35.53379507,2.773677394
35.55765927,2.47118883
35.58152347,2.073905585
35.60538768,2.180282225
35.62925188,2.566496735
35.65311608,2.260489589
35.67698028,2.222069855
35.70084448,2.820181787
35.72470868,2.100061011
35.74857288,2.811945823
35.77243708,2.45547384
35.79630128,2.222397845
35.82016548,2.453487719
35.84402968,2.378373232
35.86789388,2.557887406
35.89175809,2.757536927
35.91562229,2.639226543
35.93948649,2.251776529
35.96335069,2.272688398
35.98721489,2.320683834
36.01107909,2.037348525
36.03494329,2.168108656
36.05880749,2.772704101
36.08267169,2.824879212
36.10653589,2.628096678
36.13040009,2.811892409
36.15426429,2.154612823
36.1781285,2.054931401
36.2019927,2.719257166
36.2258569,2.100364893
36.2497211,2.552602763
36.2735853,2.50104281
36.2974495,2.631548666
36.3213137,2.533780994
36.3451779,2.32446377
36.3690421,2.788004897
36.3929063,2.038443443
36.4167705,2.296807635
36.44063471,2.525548236
36.46449891,2.338113543
36.48836311,2.266976536
36.51222731,2.364554377
36.53609151,2.551604545
36.55995571,2.68935395
36.58381991,2.378155957
36.60768411,2.67900728
36.63154831,2.490867153
36.65541251,2.58851184
36.67927671,2.500436508
36.70314091,2.268286413
36.72700512,2.788606276
36.75086932,2.314779002
36.77473352,2.490068863
36.79859772,2.759682418
36.82246192,2.330510185
36.84632612,2.144458513
36.87019032,2.611082801
36.89405452,2.69476944
36.91791872,2.118532563
36.94178292,2.040226783
36.96564712,2.2870266
36.98951132,2.292041604
37.01337553,2.080875849
37.03723973,2.82198001
37.06110393,2.117752779
37.08496813,2.289251282
37.10883233,2.388000457
37.13269653,2.390351456
37.15656073,2.367075749
37.18042493,2.17261354
37.20428913,2.073650333
37.22815333,2.744330221
37.25201753,2.144339126
37.27588173,2.355801417
37.29974594,2.074795426
37.32361014,2.217300704
37.34747434,2.61869432
37.37133854,2.190116513
37.39520274,2.473915254
37.41906694,2.234806969
37.44293114,2.235445658
37.46679534,2.377663626
37.49065954,2.609698852
37.51452374,2.345293881
37.53838794,2.851364978
37.56225215,2.220857641
37.58611635,2.78955729
37.60998055,2.589215839
37.63384475,2.259820951
37.65770895,2.350792617
37.68157315,2.21019473
37.70543735,2.198387851
37.72930155,2.824380706
37.75316575,2.329844995
37.77702995,2.746184058
37.80089415,2.438618353
37.82475835,2.302954026
37.84862256,2.724019464
37.87248676,2.885333991
37.89635096,2.445672315
37.92021516,2.359555076
37.94407936,2.907916874
37.96794356,2.967332066
37.99180776,2.867597784
38.01567196,3.19098501
38.03953616,2.693819006
38.06340036,2.477481911
38.08726456,3.034222715
38.11112876,3.267608023
38.13499297,3.088490873
38.15885717,3.219902586
38.18272137,3.254437952
38.20658557,3.609613939
38.23044977,3.473429407
38.25431397,3.343947981
38.27817817,3.275432113
38.30204237,3.386468395
38.32590657,3.570070814
38.34977077,3.980162132
38.37363497,4.473780034
38.39749918,4.060573418
38.42136338,4.627899176
38.44522758,4.223070269
38.46909178,4.94095382
38.49295598,5.375970147
38.51682018,5.408582301
38.54068438,5.286116028
38.56454858,6.302009406
38.58841278,6.412781068
38.61227698,6.952369206
38.63614118,7.257665265
38.66000538,7.148195816
38.68386959,8.16686005
38.70773379,8.486892117
38.73159799,8.719691389
38.75546219,9.439721065
38.77932639,9.972048624
38.80319059,11.18358679
38.82705479,11.81340429
38.85091899,12.27562062
38.87478319,13.13084568
38.89864739,14.36993883
38.92251159,15.08912989
38.94637579,16.26518868
38.97024,17.09778849
38.9941042,17.817739
39.0179684,19.00333983
39.0418326,19.91840975
39.0656968,20.22551423
39.089561,21.04988084
39.1134252,21.5954524
39.1372894,22.52472165
39.1611536,22.5976576
39.1850178,23.31370745
39.208882,23.51258717
39.23274621,22.92362392
39.25661041,23.33784767
39.28047461,22.81464375
39.30433881,22.48828823
39.32820301,21.74739321
39.35206721,21.72904112
39.37593141,20.65969445
39.39979561,20.32405484
39.42365981,19.22399145
39.44752401,18.68269473
39.47138821,17.52165616
39.49525241,16.70262769
39.51911662,16.42087197
39.54298082,15.38087723
39.56684502,14.93718684
39.59070922,14.08707523
39.61457342,13.20508559
39.63843762,12.62441014
39.66230182,11.98113707
39.68616602,11.040397
39.71003022,10.78582987
39.73389442,10.08993933
39.75775862,9.77363345
39.78162282,9.065483825
39.80548703,8.491076272
39.82935123,8.266415498
39.85321543,7.902224573
39.87707963,7.16732649
39.90094383,6.791807224
39.92480803,6.710479832
39.94867223,6.706211083
39.97253643,6.179360854
39.99640063,5.778883444
40.02026483,5.68487863
40.04412903,5.349473606
40.06799323,5.240076148
40.09185744,5.164580354
40.11572164,5.235107527
40.13958584,5.026553436
40.16345004,4.551539047
40.18731424,4.82991543
40.21117844,4.067405308
40.23504264,3.986699506
40.25890684,4.00858144
40.28277104,4.224462006
40.30663524,3.784416195
40.33049944,3.682482977
40.35436365,3.593760316
40.37822785,3.769751742
40.40209205,3.731700236
40.42595625,3.837550482
40.44982045,2.98590452
40.47368465,3.575583998
40.49754885,2.90166589
40.52141305,3.472673972
40.54527725,2.843850729
40.56914145,3.246437271
40.59300565,3.130246651
40.61686985,2.678442659
40.64073406,2.927073451
40.66459826,2.671231405
40.68846246,2.822779978
40.71232666,3.180764549
40.73619086,2.49449727
40.76005506,2.504266166
40.78391926,2.724030251
40.80778346,3.037396407
40.83164766,2.44971606
40.85551186,2.622956474
40.87937606,2.610756554
40.90324026,2.293376475
40.92710447,2.435695139
40.95096867,2.703095504
40.97483287,2.303411053
40.99869707,2.659262902
41.02256127,2.360402313
41.04642547,2.740429194
41.07028967,2.405863903
41.09415387,2.609038236
41.11801807,2.448471202
41.14188227,2.739903496
41.16574647,2.440949762
41.18961068,2.183037279
41.21347488,2.291964474
41.23733908,2.493251507
41.26120328,2.155743371
41.28506748,2.535097437
41.30893168,2.857732504
41.33279588,2.235098686
41.35666008,2.434321111
41.38052428,2.240841103
41.40438848,2.169871706
41.42825268,2.842742517
41.45211688,2.366075663
41.47598109,2.151736933
41.49984529,2.70992916
41.52370949,2.758540816
41.54757369,2.57478666
41.57143789,2.598783772
41.59530209,2.485783378
41.61916629,2.790659677
41.64303049,2.270361007
41.66689469,2.512322138
41.69075889,2.143597344
41.71462309,2.832094826
41.73848729,2.214033375
41.7623515,2.430889507
41.7862157,2.187022095
41.8100799,2.538270883
41.8339441,2.779054459
41.8578083,2.812284776
41.8816725,2.549534622
41.9055367,2.732575597
41.9294009,2.021487109
41.9532651,2.337062222
41.9771293,2.438304538
42.0009935,2.278302321
42.0248577,2.015271587
42.04872191,2.58320224
42.07258611,2.250933397
42.09645031,2.638031062
42.12031451,2.683938814
42.14417871,2.476292426
42.16804291,2.225281242
42.19190711,2.659234845
42.21577131,2.416955253
42.23963551,2.06074836
42.26349971,2.146846504
42.28736391,2.786882915
42.31122812,2.116073992
42.33509232,2.182621303
42.35895652,2.107941098
42.38282072,2.510322975
42.40668492,2.707743457
42.43054912,2.244338146
42.45441332,2.115470779
42.47827752,2.008907652
42.50214172,2.244425501
42.52600592,2.345248635
42.54987012,2.516071144
42.57373432,2.798617638
42.59759853,2.461730333
42.62146273,2.410044805
42.64532693,2.19348384
42.66919113,2.159091101
42.69305533,2.116578065
42.71691953,2.163419279
42.74078373,2.76240867
42.76464793,2.328096428
42.78851213,2.11393336
42.81237633,2.672058559
42.83624053,2.812495975
42.86010473,2.538673295
42.88396894,2.337865482
42.90783314,2.512630704
42.93169734,2.148181261
42.95556154,2.7368928
42.97942574,2.777626564
43.00328994,2.158371802
43.02715414,2.799438958
43.05101834,2.410887202
43.07488254,2.450576465
43.09874674,2.581462105
43.12261094,2.255052339
43.14647515,2.773197992
43.17033935,2.542526998
43.19420355,2.826017131
43.21806775,2.382018248
43.24193195,2.429450523
43.26579615,2.233876662
43.28966035,2.177038365
43.31352455,2.538598216
43.33738875,2.531274559
43.36125295,2.434554443
43.38511715,2.561350441
43.40898135,2.712759996
43.43284556,2.66492692
43.45670976,2.295546897
43.48057396,2.697775769
43.50443816,2.066367745
43.52830236,2.370006474
43.55216656,2.580299906
43.57603076,2.237314065
43.59989496,2.421265957
43.62375916,2.524993977
43.64762336,2.629332819
43.67148756,2.196661531
43.69535176,2.69561334
43.71921597,2.107596993
43.74308017,2.535851254
43.76694437,2.271637611
43.79080857,2.125792714
43.81467277,2.216215057
43.83853697,2.730536702
43.86240117,2.681656813
43.88626537,2.037179859
43.91012957,2.481657514
43.93399377,2.825264733
43.95785797,2.566326742
43.98172218,2.127717993
44.00558638,2.282049906
44.02945058,2.676393772
44.05331478,2.081463881
44.07717898,2.492212684
44.10104318,2.575882576
44.12490738,2.380359708
44.14877158,2.235139502
44.17263578,2.798767022
44.19649998,2.727372128
44.22036418,2.400869167
44.24422838,2.112658575
44.26809259,2.746007091
44.29195679,2.344741047
44.31582099,2.683296051
44.33968519,2.453920833
44.36354939,2.419386371
44.38741359,2.26316668
44.41127779,2.520583125
44.43514199,2.352885708
44.45900619,2.570270088
44.48287039,2.56601236
44.50673459,2.455355717
44.53059879,2.638377732
44.554463,2.254551267
44.5783272,2.181122692
44.6021914,2.080984555
44.6260556,2.749281725
44.6499198,2.629664238
44.673784,2.404730293
44.6976482,2.059924296
44.7215124,2.272701326
44.7453766,2.803179421
44.7692408,2.336968332
44.793105,2.578764587
44.8169692,2.564828567
44.84083341,2.150158064
44.86469761,2.580018672
44.88856181,2.161010516
44.91242601,2.264008311
44.93629021,2.334079049
44.96015441,2.279767873
44.98401861,2.459393744
45.00788281,2.738969753
45.03174701,2.163878556
45.05561121,2.549627575
45.07947541,2.219318566
45.10333962,2.49498897
45.12720382,2.607721069
45.15106802,2.209175679
45.17493222,2.167946967
45.19879642,2.044747938
45.22266062,2.280202075
45.24652482,2.07380317
45.27038902,2.453015191
45.29425322,2.320879525
45.31811742,2.081022792
45.34198162,2.582153915
45.36584582,2.659713023
45.38971003,2.818026489
45.41357423,2.491755824
45.43743843,2.516182471
45.46130263,2.217588157
45.48516683,2.723441633
45.50903103,2.483410031
45.53289523,2.361801181
45.55675943,2.369316515
45.58062363,2.23571256
45.60448783,2.76852596
45.62835203,2.788298394
45.65221623,2.295912589
45.67608044,2.293824725
45.69994464,2.170072281
45.72380884,2.396047714
45.74767304,2.291843899
45.77153724,2.724256607
45.79540144,2.375893586
45.81926564,2.553158276
45.84312984,2.790328815
45.86699404,2.276746079
45.89085824,2.11234477
45.91472244,2.361976329
45.93858665,2.471977848
45.96245085,2.094164622
45.98631505,2.368857759
46.01017925,2.800969331
46.03404345,2.47682443
46.05790765,2.165954477
46.08177185,2.502258126
46.10563605,2.076153328
46.12950025,2.015760696
46.15336445,2.572535728
46.17722865,2.164711559
46.20109285,2.780216714
46.22495706,2.352386326
46.24882126,2.086151799
46.27268546,2.784691801
46.29654966,2.759301315
46.32041386,2.286814359
46.34427806,2.403388694
46.36814226,2.153146494
46.39200646,2.533176395
46.41587066,2.089586099
46.43973486,2.194336762
46.46359906,2.21008711
46.48746326,2.808991624
46.51132747,2.425483828
46.53519167,2.09868833
46.55905587,2.473516981
46.58292007,2.785193389
46.60678427,2.764233302
46.63064847,2.380692688
46.65451267,2.411950162
46.67837687,2.519275467
46.70224107,2.620180987
46.72610527,2.483224463
46.74996947,2.123549781
46.77383368,2.478805491
46.79769788,2.372275453
46.82156208,2.72230147
46.84542628,2.097786559
46.86929048,2.486447937
46.89315468,2.295206264
46.91701888,2.793609215
46.94088308,2.342018229
46.96474728,2.656646223
46.98861148,2.788899354
47.01247568,2.719132518
47.03633988,2.528356724
47.06020409,2.134489876
47.08406829,2.582275355
47.10793249,2.253489754
47.13179669,2.737558082
47.15566089,2.435479582
47.17952509,2.242477115
47.20338929,2.352067048
47.22725349,2.067619026
47.25111769,2.495736052
47.27498189,2.412600907
47.29884609,2.495869965
47.32271029,2.691061711
47.3465745,2.113642135
47.3704387,2.568299936
47.3943029,2.15640703
47.4181671,2.452001295
47.4420313,2.031118038
47.4658955,2.520421727
47.4897597,2.61284537
47.5136239,2.812203624
47.5374881,2.591604251
47.5613523,2.02524699
47.5852165,2.059756879
47.6090807,2.775193976
47.63294491,2.105254778
47.65680911,2.764557934
47.68067331,2.649840448
47.70453751,2.548035352
47.72840171,2.08887112
47.75226591,2.32578346
47.77613011,2.029192158
47.79999431,2.526488398
47.82385851,2.825053436
47.84772271,2.239052059
47.87158691,2.741492476
47.89545112,2.432264109
47.91931532,2.045883829
47.94317952,2.559438095
47.96704372,2.672360808
47.99090792,2.311492345
48.01477212,2.196563839
48.03863632,2.094047113
48.06250052,2.612761002
48.08636472,2.511424372
48.11022892,2.372044275
48.13409312,2.773361194
48.15795732,2.734701035
48.18182153,2.028466017
48.20568573,2.628914269
48.22954993,2.046367618
48.25341413,2.232896787
48.27727833,2.826355837
48.30114253,2.245083994
48.32500673,2.322902025
48.34887093,2.011366524
48.37273513,2.354128508
48.39659933,2.742898558
48.42046353,2.544039777
48.44432773,2.057248593
48.46819194,2.36087324
48.49205614,2.284679745
48.51592034,2.796023446
48.53978454,2.136563557
48.56364874,2.161791385
48.58751294,2.327914148
48.61137714,2.371489401
48.63524134,2.723463612
48.65910554,2.436923645
48.68296974,2.522029895
48.70683394,2.457749596
48.73069815,2.820446036
48.75456235,2.75893887
48.77842655,2.761667487
48.80229075,2.204825859
48.82615495,2.745975657
48.85001915,2.43100272
48.87388335,2.464614763
48.89774755,2.075070076
48.92161175,2.433478946
48.94547595,2.789001521
48.96934015,2.741103655
48.99320435,2.111207663
49.01706856,2.400946375
49.04093276,2.519584911
49.06479696,2.625953389
49.08866116,2.308600805
49.11252536,2.60469716
49.13638956,2.82139517
49.16025376,2.585372824
49.18411796,2.516449753
49.20798216,2.369534309
49.23184636,2.25105735
49.25571056,2.028016445
49.27957476,2.475912228
49.30343897,2.074827342
49.32730317,2.52773766
49.35116737,2.145694537
49.37503157,2.393841938
49.39889577,2.673990335
49.42275997,2.432757141
49.44662417,2.074178778
49.47048837,2.717481537
49.49435257,2.28080765
49.51821677,2.608397656
49.54208097,2.2614013
49.56594518,2.042680847
49.58980938,2.805003985
49.61367358,2.569675386
49.63753778,2.202709874
49.66140198,2.721658688
49.68526618,2.405585292
49.70913038,2.500935055
49.73299458,2.355581954
49.75685878,2.193903322
49.78072298,2.257883457
49.80458718,2.419415505
49.82845138,2.820440752
49.85231559,2.580659712
49.87617979,2.552248878
49.90004399,2.431351467
49.92390819,2.405810842
49.94777239,2.227852568
49.97163659,2.00008984
49.99550079,2.061565941
50.01936499,2.099522171
50.04322919,2.258567335
50.06709339,2.699816379
50.09095759,2.715301909
50.11482179,2.149093722
50.138686,2.367237683
50.1625502,2.483800693
50.1864144,2.525215744
50.2102786,2.043368313
50.2341428,2.360121855
50.258007,2.3391932
50.2818712,2.271204551
50.3057354,2.567477963
50.3295996,2.566469567
50.3534638,2.281615271
50.377328,2.540672676
50.4011922,2.527412051
50.42505641,2.255237612
50.44892061,2.410918165
50.47278481,2.703746852
50.49664901,2.152611018
50.52051321,2.596236038
50.54437741,2.107393679
50.56824161,2.109248611
50.59210581,2.483240602
50.61597001,2.432123609
50.63983421,2.666720844
50.66369841,2.302244749
50.68756262,2.158786844
50.71142682,2.713930329
50.73529102,2.374879242
50.75915522,2.433109081
50.78301942,2.790428543
50.80688362,2.445914485
50.83074782,2.406146968
50.85461202,2.446870363
50.87847622,2.635359143
50.90234042,2.814387286
50.92620462,2.084142064
50.95006882,2.744391336
50.97393303,2.048542835
50.99779723,2.294882475
51.02166143,2.451985161
51.04552563,2.109474179
51.06938983,2.057493904
51.09325403,2.384027757
51.11711823,2.118031696
51.14098243,2.554646062
51.16484663,2.056172332
51.18871083,2.661147819
51.21257503,2.700276484
51.23643923,2.610366593
51.26030344,2.404637924
51.28416764,2.132363936
51.30803184,2.660841118
51.33189604,2.289751895
51.35576024,2.039056432
51.37962444,2.020505719
51.40348864,2.618948873
51.42735284,2.050575112
51.45121704,2.304931635
51.47508124,2.361948764
51.49894544,2.50218645
51.52280965,2.82600508
51.54667385,2.517087889
51.57053805,2.586803746
51.59440225,2.015380929
51.61826645,2.571437819
51.64213065,2.740563099
51.66599485,2.492637892
51.68985905,2.482924332
51.71372325,2.050325863
51.73758745,2.640561122
51.76145165,2.776148258
51.78531585,2.806618968
51.80918006,2.254086872
51.83304426,2.758283636
51.85690846,2.386246864
51.88077266,2.732242325
51.90463686,2.195926722
51.92850106,2.614365045
51.95236526,2.315829122
51.97622946,2.153004984
52.00009366,2.442282536
52.02395786,2.26304969
52.04782206,2.243891631
52.07168626,2.703388909
52.09555047,2.432084464
52.11941467,2.619195365
52.14327887,2.590209628
52.16714307,2.507691695
52.19100727,2.082937684
52.21487147,2.799959824
52.23873567,2.197094569
52.26259987,2.381140166
52.28646407,2.4973649
52.31032827,2.087275706
52.33419247,2.232957102
52.35805668,2.188936827
52.38192088,2.310913065
52.40578508,2.386831598
52.42964928,2.320823389
52.45351348,2.295856132
52.47737768,2.5226814
52.50124188,2.011884071
52.52510608,2.383073652
52.54897028,2.72896363
52.57283448,2.78486446
52.59669868,2.488169526
52.62056288,2.70014157
52.64442709,2.674280661
52.66829129,2.121975912
52.69215549,2.703989659
52.71601969,2.640709669
52.73988389,2.521781816
52.76374809,2.620898403
52.78761229,2.131660454
52.81147649,2.185600696
52.83534069,2.499316441
52.85920489,2.272041723
52.88306909,2.339709336
52.90693329,2.45694101
52.9307975,2.207425635
52.9546617,2.532958626
52.9785259,2.154595887
53.0023901,2.393732913
53.0262543,2.658159448
53.0501185,2.656200003
53.0739827,2.643804215
53.0978469,2.713884857
53.1217111,2.502539039
53.1455753,2.773386164
53.1694395,2.374102014
53.1933037,2.462755461
53.21716791,2.679330197
53.24103211,2.774803738
53.26489631,2.809609973
53.28876051,2.808936477
53.31262471,2.347567787
53.33648891,2.613512892
53.36035311,2.078709923
53.38421731,2.541916985
53.40808151,2.502781966
53.43194571,2.516529469
53.45580991,2.586271825
53.47967412,2.798466915
53.50353832,2.660775618
53.52740252,2.258129223
53.55126672,2.758250936
53.57513092,2.124383637
53.59899512,2.227726065
53.62285932,2.724755955
53.64672352,2.286266401
53.67058772,2.491448117
53.69445192,2.819009087
53.71831612,2.489816957
53.74218032,2.753268474
53.76604453,2.452808044
53.78990873,2.625319907
53.81377293,2.113700995
53.83763713,2.433407542
53.86150133,2.552180781
53.88536553,2.189109369
53.90922973,2.65541313
53.93309393,2.492385171
53.95695813,2.606969698
53.98082233,2.735901035
54.00468653,2.576574652
54.02855073,2.140530119
54.05241494,2.799644441
54.07627914,2.301691369
54.10014334,2.123941659
54.12400754,2.110290101
54.14787174,2.63568612
54.17173594,2.316503989
54.19560014,2.702347381
54.21946434,2.7012773
54.24332854,2.125777829
54.26719274,2.439295556
54.29105694,2.251407997
54.31492115,2.095981505
54.33878535,2.570181732
54.36264955,2.520350421
54.38651375,2.359964994
54.41037795,2.706255172
54.43424215,2.486557233
54.45810635,2.630179799
54.48197055,2.519574465
54.50583475,2.352937027
54.52969895,2.24255225
54.55356315,2.803023817
54.57742735,2.793647702
54.60129156,2.714137586
54.62515576,2.321049354
54.64901996,2.318254385
54.67288416,2.084566388
54.69674836,2.603886705
54.72061256,2.516188481
54.74447676,2.276874326
54.76834096,2.170732876
54.79220516,2.268919777
54.81606936,2.814421429
54.83993356,2.743805926
54.86379776,2.140665672
54.88766197,2.378629444
54.91152617,2.718015257
54.93539037,2.434814725
54.95925457,2.130163214
54.98311877,2.405928089
55.00698297,2.672633075
55.03084717,2.243744653
55.05471137,2.702619145
55.07857557,2.327521381
55.10243977,2.027081395
55.12630397,2.775120557
55.15016818,2.092963833
55.17403238,2.820002884
55.19789658,2.399141359
55.22176078,2.297506905
55.24562498,2.643020421
55.26948918,2.587939454
55.29335338,2.211600117
55.31721758,2.356590082
55.34108178,2.127241594
55.36494598,2.379873701
55.38881018,2.682279228
55.41267438,2.055040421
55.43653859,2.106950165
55.46040279,2.213118404
55.48426699,2.125930564
55.50813119,2.53952934
55.53199539,2.113438338
55.55585959,2.083784252
55.57972379,2.342322088
55.60358799,2.779816572
55.62745219,2.064026304
55.65131639,2.549479221
55.67518059,2.579266972
55.69904479,2.295147446
55.722909,2.308030039
55.7467732,2.0010128
55.7706374,2.719374083
55.7945016,2.157908717
55.8183658,2.319030976
55.84223,2.330370973
55.8660942,2.440039426
55.8899584,2.271154164
55.9138226,2.764365471
55.9376868,2.140649057
55.961551,2.127685118
55.9854152,2.583891943
56.00927941,2.789031359
56.03314361,2.512824514
56.05700781,2.498256448
56.08087201,2.782744344
56.10473621,2.748067319
56.12860041,2.447585616
56.15246461,2.33319558
56.17632881,2.15349732
56.20019301,2.014674125
56.22405721,2.728923426
56.24792141,2.650057619
56.27178562,2.592014055
56.29564982,2.601064838
56.31951402,2.722999506
56.34337822,2.270997173
56.36724242,2.393607701
56.39110662,2.622236983
56.41497082,2.353597622
56.43883502,2.713167272
56.46269922,2.665839619
56.48656342,2.667967879
56.51042762,2.436777966
56.53429182,2.311900588
56.55815603,2.623647468
56.58202023,2.404914377
56.60588443,2.234474709
56.62974863,2.749336707
56.65361283,2.594094136
56.67747703,2.80454484
56.70134123,2.319873449
56.72520543,2.164395625
56.74906963,2.068839145
56.77293383,2.814719615
56.79679803,2.699713783
56.82066223,2.619315174
56.84452644,2.735325267
56.86839064,2.820547497
56.89225484,2.360598418
56.91611904,2.246518419
56.93998324,2.647641695
56.96384744,2.752571899
56.98771164,2.297811871
57.01157584,2.450693808
57.03544004,2.611119389
57.05930424,2.286413942
57.08316844,2.19359307
57.10703265,2.242164515
57.13089685,2.288726393
57.15476105,2.593698083
57.17862525,2.27797824
57.20248945,2.497579972
57.22635365,2.504318438
57.25021785,2.241679511
57.27408205,2.644976207
57.29794625,2.469277965
57.32181045,2.167644098
57.34567465,2.291516222
57.36953885,2.243431207
57.39340306,2.182816122
57.41726726,2.410062479
57.44113146,2.506562973
57.46499566,2.391686364
57.48885986,2.30224469
57.51272406,2.556177337
57.53658826,2.618441554
57.56045246,2.20729399
57.58431666,2.575169767
57.60818086,2.991812664
57.63204506,2.207080386
57.65590926,2.901708168
57.67977347,2.703650253
57.70363767,3.037301607
57.72750187,2.782147968
57.75136607,2.542441022
57.77523027,2.778618865
57.79909447,2.583998423
57.82295867,2.682658918
57.84682287,2.841741631
57.87068707,2.963553633
57.89455127,3.039193672
57.91841547,2.404493118
57.94227968,2.577006084
57.96614388,3.038463119
57.99000808,2.703513909
58.01387228,2.899766714
58.03773648,3.264273853
58.06160068,2.902753428
58.08546488,2.666768899
58.10932908,3.061798737
58.13319328,3.174876206
58.15705748,3.090071883
58.18092168,3.298118807
58.20478588,3.398245129
58.22865009,3.217157139
58.25251429,3.643216709
58.27637849,3.444208021
58.30024269,3.387069718
58.32410689,3.798636117
58.34797109,3.430465549
58.37183529,3.488498039
58.39569949,3.891424696
58.41956369,3.941916771
58.44342789,3.627458356
58.46729209,4.264583164
58.49115629,3.75726473
58.5150205,4.246114032
58.5388847,4.000831479
58.5627489,4.718038125
58.5866131,4.762238351
58.6104773,5.074467106
58.6343415,4.902744237
58.6582057,4.861696214
58.6820699,4.783946998
58.7059341,5.58513538
58.7297983,5.379011978
58.7536625,5.843970578
58.7775267,6.062578705
58.80139091,6.292544599
58.82525511,6.050817512
58.84911931,6.194871593
58.87298351,6.956211036
58.89684771,7.373454344
58.92071191,7.622009487
58.94457611,7.86492671
58.96844031,7.689849335
58.99230451,8.208431202
59.01616871,8.907750894
59.04003291,9.332233254
59.06389712,9.328239882
59.08776132,9.637991777
59.11162552,10.13249349
59.13548972,10.0929673
59.15935392,10.85155006
59.18321812,11.39989081
59.20708232,11.37552952
59.23094652,12.08365463
59.25481072,12.94990101
59.27867492,13.32206277
59.30253912,13.56161014
59.32640332,13.55594018
59.35026753,13.93233834
59.37413173,15.01097374
59.39799593,15.51030742
59.42186013,15.92991823
59.44572433,16.12161646
59.46958853,16.37076042
59.49345273,16.13261673
59.51731693,16.66884495
59.54118113,16.86146206
59.56504533,17.44196365
59.58890953,17.70062183
59.61277373,17.59535942
59.63663794,17.97204805
59.66050214,17.26700287
59.68436634,17.55698611
59.70823054,17.2892686
59.73209474,17.0802811
59.75595894,17.2635513
59.77982314,17.26500214
59.80368734,17.25077624
59.82755154,16.61482743
59.85141574,16.49488385
59.87527994,15.88257697
59.89914415,15.50890339
59.92300835,15.25389867
59.94687255,15.27331327
59.97073675,14.53348032
59.99460095,13.81303974
60.01846515,14.00570171
60.04232935,13.23938981
60.06619355,12.85131242
60.09005775,12.9421571
60.11392195,12.06605813
60.13778615,12.13727835
60.16165035,11.14058408
60.18551456,11.08703723
60.20937876,10.47998829
60.23324296,10.84620722
60.25710716,9.831131687
60.28097136,9.709780693
60.30483556,9.785827739
60.32869976,9.130052714
60.35256396,9.124792689
60.37642816,8.697065111
60.40029236,7.973533248
60.42415656,8.218785387
60.44802076,7.510218849
60.47188497,7.815547477
60.49574917,7.580963158
60.51961337,7.085092181
60.54347757,7.035826352
60.56734177,6.912875659
60.59120597,6.186105152
60.61507017,6.612143234
60.63893437,6.060013594
60.66279857,6.171652403
60.68666277,5.837764294
60.71052697,5.713050698
60.73439118,5.265443697
60.75825538,5.743219187
60.78211958,5.645185918
60.80598378,5.180402984
60.82984798,4.730332892
60.85371218,5.218522246
60.87757638,4.811690702
60.90144058,4.910396688
60.92530478,4.608448381
60.94916898,4.424636025
60.97303318,4.458717931
60.99689738,3.927785191
61.02076159,4.072534691
61.04462579,4.219614128
61.06848999,4.32420789
61.09235419,3.603964395
61.11621839,3.874000696
61.14008259,3.967889761
61.16394679,3.955230165
61.18781099,3.71167958
61.21167519,3.316441034
61.23553939,3.237149188
61.25940359,3.19504763
61.28326779,3.075442332
61.307132,3.670858327
61.3309962,3.684127525
61.3548604,3.577565802
61.3787246,3.31126485
61.4025888,3.527668105
61.426453,3.120880039
61.4503172,2.865755493
61.4741814,3.096350049
61.4980456,3.470983515
61.5219098,2.76553214
61.545774,3.076843259
61.5696382,3.377239624
61.59350241,3.358204356
61.61736661,3.323398568
61.64123081,2.814303028
61.66509501,2.658747133
61.68895921,2.838952213
61.71282341,2.868385249
61.73668761,3.162108006
61.76055181,3.118377075
61.78441601,2.725877473
61.80828021,2.961731575
61.83214441,3.033433638
61.85600862,3.079036054
61.87987282,2.440481806
61.90373702,2.526404377
61.92760122,2.971672895
61.95146542,2.455481061
61.97532962,2.913847902
61.99919382,2.559279325
62.02305802,2.291814987
62.04692222,2.833951577
62.07078642,2.484502082
62.09465062,2.484760117
62.11851482,2.997247204
62.14237903,2.960005712
62.16624323,2.391932092
62.19010743,2.387034902
62.21397163,2.414004325
62.23783583,2.247299165
62.26170003,2.664078344
62.28556423,2.156598118
62.30942843,2.81404067
62.33329263,2.509684249
62.35715683,2.192594141
62.38102103,2.848091486
62.40488523,2.782515375
62.42874944,2.750433283
62.45261364,2.847435214
62.47647784,2.233221374
62.50034204,2.404198097
62.52420624,2.680137269
62.54807044,2.713887789
62.57193464,2.395645336
62.59579884,2.862643324
62.61966304,2.800075092
62.64352724,2.079779184
62.66739144,2.855330213
62.69125565,2.882151928
62.71511985,2.293416106
62.73898405,2.13414676
62.76284825,2.260203813
62.78671245,2.350225975
62.81057665,2.329727519
62.83444085,2.139426299
62.85830505,2.137350763
62.88216925,2.598828294
62.90603345,2.667935817
62.92989765,2.417668479
62.95376185,2.21373897
62.97762606,2.21061213
63.00149026,2.45646382
63.02535446,2.228152814
63.04921866,2.628648078
63.07308286,2.1210816
63.09694706,2.082065556
63.12081126,2.777923375
63.14467546,2.787889648
63.16853966,2.436708663
63.19240386,2.074634198
63.21626806,2.298475572
63.24013226,2.374120344
63.26399647,2.405796272
63.28786067,2.326169903
63.31172487,2.144997382
63.33558907,2.660258148
63.35945327,2.805728657
63.38331747,2.168913457
63.40718167,2.217014947
63.43104587,2.021216593
63.45491007,2.617124724
63.47877427,2.718090588
63.50263847,2.287452094
63.52650268,2.312688828
63.55036688,2.677735988
63.57423108,2.737703137
63.59809528,2.171894469
63.62195948,2.494261281
63.64582368,2.759140132
63.66968788,2.277414065
63.69355208,2.067698413
63.71741628,2.409744625
63.74128048,2.368811351
63.76514468,2.22276134
63.78900888,2.288878899
63.81287309,2.620649155
63.83673729,2.750456084
63.86060149,2.184454867
63.88446569,2.500949858
63.90832989,2.590266923
63.93219409,2.63834775
63.95605829,2.471301643
63.97992249,2.57448764
64.00378669,2.028184661
64.02765089,2.521947678
64.05151509,2.377137774
64.07537929,2.072119915
64.0992435,2.474213669
64.1231077,2.438634216
64.1469719,2.610576659
64.1708361,2.070790484
64.1947003,2.607101429
64.2185645,2.242766922
64.2424287,2.119612072
64.2662929,2.272383545
64.2901571,2.251280696
64.3140213,2.832160844
64.3378855,2.047563477
64.3617497,2.548433315
64.38561391,2.640928429
64.40947811,2.575487534
64.43334231,2.634256753
64.45720651,2.37714678
64.48107071,2.314850695
64.50493491,2.162088153
64.52879911,2.762589276
64.55266331,2.162324284
64.57652751,2.499915141
64.60039171,2.144007516
64.62425591,2.208037673
64.64812012,2.229998943
64.67198432,2.778262565
64.69584852,2.14719315
64.71971272,2.657569193
64.74357692,2.014672703
64.76744112,2.800739086
64.79130532,2.82703159
64.81516952,2.070101993
64.83903372,2.141538917
64.86289792,2.344112497
64.88676212,2.578619298
64.91062632,2.3113261
64.93449053,2.499999171
64.95835473,2.600892582
64.98221893,2.736406312
65.00608313,2.33677362
65.02994733,2.76766516
65.05381153,2.675902653
65.07767573,2.056926658
65.10153993,2.149986897
65.12540413,2.120199656
65.14926833,2.575896062
65.17313253,2.105471264
65.19699673,2.630485631
65.22086094,2.498988789
65.24472514,2.4959605
65.26858934,2.258757594
65.29245354,2.691673476
65.31631774,2.382297328
65.34018194,2.323341399
65.36404614,2.176528053
65.38791034,2.795469334
65.41177454,2.706433911
65.43563874,2.262617396
65.45950294,2.330913029
65.48336715,2.417676839
65.50723135,2.352095659
65.53109555,2.717888314
65.55495975,2.791454591
65.57882395,2.804055448
65.60268815,2.321940008
65.62655235,2.402450547
65.65041655,2.611898902
65.67428075,2.172559567
65.69814495,2.619648801
65.72200915,2.501242749
65.74587335,2.706447058
65.76973756,2.36927675
65.79360176,2.545071325
65.81746596,2.299797668
65.84133016,2.291853604
65.86519436,2.750274346
65.88905856,2.167800231
65.91292276,2.064912769
65.93678696,2.348280687
65.96065116,2.493643791
65.98451536,2.224874619
66.00837956,2.631278468
66.03224376,2.445466308
66.05610797,2.547293079
66.07997217,2.755979936
66.10383637,2.506522609
66.12770057,2.818497229
66.15156477,2.613893062
66.17542897,2.470096746
66.19929317,2.222848469
66.22315737,2.139768754
66.24702157,2.702993815
66.27088577,2.366347139
66.29474997,2.099224426
66.31861418,2.033492088
66.34247838,2.702118027
66.36634258,2.379719176
66.39020678,2.623636917
66.41407098,2.411189332
66.43793518,2.472590345
66.46179938,2.434449101
66.48566358,2.447053865
66.50952778,2.541900179
66.53339198,2.219336267
66.55725618,2.413821827
66.58112038,2.72836568
66.60498459,2.44405336
66.62884879,2.219009929
66.65271299,2.320152594
66.67657719,2.366132952
66.70044139,2.099404941
66.72430559,2.011926444
66.74816979,2.638959112
66.77203399,2.798350305
66.79589819,2.678940954
66.81976239,2.644637344
66.84362659,2.201516399
66.86749079,2.034387059
66.891355,2.297680581
66.9152192,2.199012246
66.9390834,2.827155597
66.9629476,2.366748642
66.9868118,2.146536202
67.010676,2.31754198
67.0345402,2.129103807
67.0584044,2.045571281
67.0822686,2.396771629
67.1061328,2.180413964
67.129997,2.451547788
67.1538612,2.022762333
67.17772541,2.659865181
67.20158961,2.109537609
67.22545381,2.661404905
67.24931801,2.366070984
67.27318221,2.053789721
67.29704641,2.657205319
67.32091061,2.456872894
67.34477481,2.590220274
67.36863901,2.018523219
67.39250321,2.819576643
67.41636741,2.513377167
67.44023162,2.435541735
67.46409582,2.103375982
67.48796002,2.173456507
67.51182422,2.344637167
67.53568842,2.74694683
67.55955262,2.045396214
67.58341682,2.284952901
67.60728102,2.69518079
67.63114522,2.228511509
67.65500942,2.001828162
67.67887362,2.207091225
67.70273782,2.164500057
67.72660203,2.191787349
67.75046623,2.797299908
67.77433043,2.81709957
67.79819463,2.29241723
67.82205883,2.117035476
67.84592303,2.456890874
67.86978723,2.7321669
67.89365143,2.087381432
67.91751563,2.791627267
67.94137983,2.571206851
67.96524403,2.367641524
67.98910823,2.701160194
68.01297244,2.615964767
68.03683664,2.393767816
68.06070084,2.404735853
68.08456504,2.749101424
68.10842924,2.264296425
68.13229344,2.802974687
68.15615764,2.285147267
68.18002184,2.230878277
68.20388604,2.608109124
68.22775024,2.368468592
68.25161444,2.060187793
68.27547865,2.612387804
68.29934285,2.135523254
68.32320705,2.182189894
68.34707125,2.561990762
68.37093545,2.325150832
68.39479965,2.5426066
68.41866385,2.515928366
68.44252805,2.152556407
68.46639225,2.538270498
68.49025645,2.301297514
68.51412065,2.052954074
68.53798485,2.764923145
68.56184906,2.158566666
68.58571326,2.761779137
68.60957746,2.547917777
68.63344166,2.483088526
68.65730586,2.785603598
68.68117006,2.731408645
68.70503426,2.087168524
68.72889846,2.468206136
68.75276266,2.052541525
68.77662686,2.439273489
68.80049106,2.317817224
68.82435526,2.386450782
68.84821947,2.55850176
68.87208367,2.461204488
68.89594787,2.571756953
68.91981207,2.531718044
68.94367627,2.494396878
68.96754047,2.301552362
68.99140467,2.117302953
69.01526887,2.171668897
69.03913307,2.490387021
69.06299727,2.254539347
69.08686147,2.732207128
69.11072568,2.485627669
69.13458988,2.111231274
69.15845408,2.609442406
69.18231828,2.711346831
69.20618248,2.07621676
69.23004668,2.16867112
69.25391088,2.423612478
69.27777508,2.171425847
69.30163928,2.592416231
69.32550348,2.048756444
69.34936768,2.357941824
69.37323188,2.793744303
69.39709609,2.754432419
69.42096029,2.647461785
69.44482449,2.492522589
69.46868869,2.160177103
69.49255289,2.15837473
69.51641709,2.109614193
69.54028129,2.131896329
69.56414549,2.455154573
69.58800969,2.029031719
69.61187389,2.263843518
69.63573809,2.38350466
69.65960229,2.039169159
69.6834665,2.312475104
69.7073307,2.761115526
69.7311949,2.08430486
69.7550591,2.534170736
69.7789233,2.301653864
69.8027875,2.167600085
69.8266517,2.53457741
69.8505159,2.449364381
69.8743801,2.428688938
69.8982443,2.168891816
69.9221085,2.631834678
69.9459727,2.639529887
69.96983691,2.826475359
69.99370111,2.287790412
70.01756531,2.64203099
70.04142951,2.787290923
70.06529371,2.728428439
70.08915791,2.347335089
70.11302211,2.410142419
70.13688631,2.458115506
70.16075051,2.145447833
70.18461471,2.722632837
70.20847891,2.800832469
70.23234312,2.735210044
70.25620732,2.699952459
70.28007152,2.204207287
70.30393572,2.147998187
70.32779992,2.823448111
70.35166412,2.120356585
70.37552832,2.744212473
70.39939252,2.551300006
70.42325672,2.110521324
70.44712092,2.252454584
70.47098512,2.702031946
70.49484932,2.406106063
70.51871353,2.586454753
70.54257773,2.130866449
70.56644193,2.239424092
70.59030613,2.705949227
70.61417033,2.204227875
70.63803453,2.790441662
70.66189873,2.541826595
70.68576293,2.394395192
70.70962713,2.641053548
70.73349133,2.004966285
70.75735553,2.422928546
70.78121973,2.778831851
70.80508394,2.796445451
70.82894814,2.325228292
70.85281234,2.583789414
70.87667654,2.538064326
70.90054074,2.112564296
70.92440494,2.521697551
70.94826914,2.654839818
70.97213334,2.668624854
70.99599754,2.573339975
71.01986174,2.503437204
71.04372594,2.80130221
71.06759015,2.077741801
71.09145435,2.499090106
71.11531855,2.361745484
71.13918275,2.215915033
71.16304695,2.000401818
71.18691115,2.032347334
71.21077535,2.786031851
71.23463955,2.828973641
71.25850375,2.683399666
71.28236795,2.349376238
71.30623215,2.300006129
71.33009635,2.604731612
71.35396056,2.723017139
71.37782476,2.354066062
71.40168896,2.785246444
71.42555316,2.610339578
71.44941736,2.413089619
71.47328156,2.624059523
71.49714576,2.065665181
71.52100996,2.617720423
71.54487416,2.417657257
71.56873836,2.811729996
